{
  "AlonzoGenesisFile": "mainnet-alonzo-genesis.json",
  "AlonzoGenesisHash": "44d65c89cce5f717e839a86fed28af924252ff46eca5aaf15b47ec0dd6a59578",
  "ApplicationName": "cardano-sl",
  "ApplicationVersion": 1,
  "ByronGenesisFile": "mainnet-byron-genesis.json",
  "ByronGenesisHash": "5f20df933584822601f9e3f8c024eb5eb252fe8cefb24d1317dc3d432e940ebb",
  "LastKnownBlockVersion-Alt": 0,
  "LastKnownBlockVersion-Major": 3,
  "LastKnownBlockVersion-Minor": 0,
  "MaxKnownMajorProtocolVersion": 2,
  "Protocol": "Cardano",
  "RequiresNetworkMagic": "RequiresNoMagic",
  "ShelleyGenesisFile": "mainnet-shelley-genesis.json",
  "ShelleyGenesisHash": "1a3be38bcbb7911969283716ad7aa550250226b76a61fc51cc9a9a35d9276d81",
  "TraceBlockFetchClient": false,
  "TraceBlockFetchDecisions": false,
  "TraceBlockFetchProtocol": false,
  "TraceBlockFetchProtocolSerialised": false,
  "TraceBlockFetchServer": false,
  "TraceChainDb": true,
  "TraceChainSyncBlockServer": false,
  "TraceChainSyncClient": false,
  "TraceChainSyncHeaderServer": false,
  "TraceChainSyncProtocol": false,
  "TraceConnectionManager": true,
  "TraceDNSResolver": true,
  "TraceDNSSubscription": true,
  "TraceDiffusionInitialization": true,
  "TraceErrorPolicy": true,
  "TraceForge": true,
  "TraceHandshake": false,
  "TraceInboundGovernor": true,
  "TraceIpSubscription": true,
  "TraceLedgerPeers": true,
  "TraceLocalChainSyncProtocol": false,
  "TraceLocalErrorPolicy": true,
  "TraceLocalHandshake": false,
  "TraceLocalRootPeers": true,
  "TraceLocalTxSubmissionProtocol": false,
  "TraceLocalTxSubmissionServer": false,
  "TraceMempool": true,
  "TraceMux": false,
  "TracePeerSelection": true,
  "TracePeerSelectionActions": true,
  "TracePublicRootPeers": true,
  "TraceServer": true,
  "TraceTxInbound": false,
  "TraceTxOutbound": false,
  "TraceTxSubmissionProtocol": false,
  "TracingVerbosity": "NormalVerbosity",
  "TurnOnLogMetrics": true,
  "TurnOnLogging": true,
  "defaultBackends": [
    "KatipBK"
  ],
  "defaultScribes": [
    [
      "StdoutSK",
      "stdout"
    ]
  ],
  "hasEKG": 12788,
  "hasPrometheus": [
    "127.0.0.1",
    12798
  ],
  "minSeverity": "Info",
  "options": {
    "mapBackends": {
      "cardano.node.metrics": [
        "EKGViewBK"
      ],
      "cardano.node.resources": [
        "EKGViewBK"
      ]
    },
    "mapSubtrace": {
      "cardano.node.metrics": {
        "subtrace": "Neutral"
      }
    }
  },
  "rotation": {
    "rpKeepFilesNum": 10,
    "rpLogLimitBytes": 5000000,
    "rpMaxAgeHours": 24
  },
  "setupBackends": [
    "KatipBK"
  ],
  "setupScribes": [
    {
      "scFormat": "ScText",
      "scKind": "StdoutSK",
      "scName": "stdout",
      "scRotation": null
    }
  ]
}
